0,1,2
GM21381,0.0683257058262825,/home/shush/profile/QuantPred/paper_runs/bpnet/bin_loss_40/run-20211013_133035-be7pg0z7
GM23338,-0.0032797297462821007,/home/shush/profile/QuantPred/paper_runs/bpnet/bin_loss_40/run-20211013_133035-be7pg0z7
HepG2,0.011052733287215233,/home/shush/profile/QuantPred/paper_runs/bpnet/bin_loss_40/run-20211013_133035-be7pg0z7
RWPE2,-0.01145838387310505,/home/shush/profile/QuantPred/paper_runs/bpnet/bin_loss_40/run-20211013_133035-be7pg0z7
HG03575,0.016568109393119812,/home/shush/profile/QuantPred/paper_runs/bpnet/bin_loss_40/run-20211013_133035-be7pg0z7
K562,-0.0073059117421507835,/home/shush/profile/QuantPred/paper_runs/bpnet/bin_loss_40/run-20211013_133035-be7pg0z7
DND-41,0.020223015919327736,/home/shush/profile/QuantPred/paper_runs/bpnet/bin_loss_40/run-20211013_133035-be7pg0z7
GM12878,0.025277717038989067,/home/shush/profile/QuantPred/paper_runs/bpnet/bin_loss_40/run-20211013_133035-be7pg0z7
A549,-0.008803392760455608,/home/shush/profile/QuantPred/paper_runs/bpnet/bin_loss_40/run-20211013_133035-be7pg0z7
HCT116,0.043792564421892166,/home/shush/profile/QuantPred/paper_runs/bpnet/bin_loss_40/run-20211013_133035-be7pg0z7
IMR-90,0.0039066351018846035,/home/shush/profile/QuantPred/paper_runs/bpnet/bin_loss_40/run-20211013_133035-be7pg0z7
NCI-H929,-0.028692547231912613,/home/shush/profile/QuantPred/paper_runs/bpnet/bin_loss_40/run-20211013_133035-be7pg0z7
Panc1,-0.00430662278085947,/home/shush/profile/QuantPred/paper_runs/bpnet/bin_loss_40/run-20211013_133035-be7pg0z7
PC-3,1.1971216201782227,/home/shush/profile/QuantPred/paper_runs/bpnet/bin_loss_40/run-20211013_133035-be7pg0z7
MCF,-0.007813215255737305,/home/shush/profile/QuantPred/paper_runs/bpnet/bin_loss_40/run-20211013_133035-be7pg0z7
GM21381,1.029415249824524,/home/shush/profile/QuantPred/paper_runs/bpnet/bin_loss_40/run-20211013_133014-feom6rqk
GM23338,0.7100224494934082,/home/shush/profile/QuantPred/paper_runs/bpnet/bin_loss_40/run-20211013_133014-feom6rqk
HepG2,0.7776821851730347,/home/shush/profile/QuantPred/paper_runs/bpnet/bin_loss_40/run-20211013_133014-feom6rqk
RWPE2,0.7408257722854614,/home/shush/profile/QuantPred/paper_runs/bpnet/bin_loss_40/run-20211013_133014-feom6rqk
HG03575,1.393990397453308,/home/shush/profile/QuantPred/paper_runs/bpnet/bin_loss_40/run-20211013_133014-feom6rqk
K562,0.9406757354736328,/home/shush/profile/QuantPred/paper_runs/bpnet/bin_loss_40/run-20211013_133014-feom6rqk
DND-41,0.9406104683876038,/home/shush/profile/QuantPred/paper_runs/bpnet/bin_loss_40/run-20211013_133014-feom6rqk
GM12878,0.7301018834114075,/home/shush/profile/QuantPred/paper_runs/bpnet/bin_loss_40/run-20211013_133014-feom6rqk
A549,0.9710305333137512,/home/shush/profile/QuantPred/paper_runs/bpnet/bin_loss_40/run-20211013_133014-feom6rqk
HCT116,1.1575616598129272,/home/shush/profile/QuantPred/paper_runs/bpnet/bin_loss_40/run-20211013_133014-feom6rqk
IMR-90,0.6861817240715027,/home/shush/profile/QuantPred/paper_runs/bpnet/bin_loss_40/run-20211013_133014-feom6rqk
NCI-H929,0.9546407461166382,/home/shush/profile/QuantPred/paper_runs/bpnet/bin_loss_40/run-20211013_133014-feom6rqk
Panc1,0.9862855076789856,/home/shush/profile/QuantPred/paper_runs/bpnet/bin_loss_40/run-20211013_133014-feom6rqk
PC-3,0.7720044851303101,/home/shush/profile/QuantPred/paper_runs/bpnet/bin_loss_40/run-20211013_133014-feom6rqk
MCF,0.9751399755477905,/home/shush/profile/QuantPred/paper_runs/bpnet/bin_loss_40/run-20211013_133014-feom6rqk
GM21381,0.7977280020713806,/home/shush/profile/QuantPred/paper_runs/bpnet/bin_loss_40/run-20211014_004146-0c9szi0f
GM23338,0.6208572387695312,/home/shush/profile/QuantPred/paper_runs/bpnet/bin_loss_40/run-20211014_004146-0c9szi0f
HepG2,0.6048509478569031,/home/shush/profile/QuantPred/paper_runs/bpnet/bin_loss_40/run-20211014_004146-0c9szi0f
RWPE2,0.6394348740577698,/home/shush/profile/QuantPred/paper_runs/bpnet/bin_loss_40/run-20211014_004146-0c9szi0f
HG03575,0.8223159909248352,/home/shush/profile/QuantPred/paper_runs/bpnet/bin_loss_40/run-20211014_004146-0c9szi0f
K562,0.676863431930542,/home/shush/profile/QuantPred/paper_runs/bpnet/bin_loss_40/run-20211014_004146-0c9szi0f
DND-41,0.727630078792572,/home/shush/profile/QuantPred/paper_runs/bpnet/bin_loss_40/run-20211014_004146-0c9szi0f
GM12878,0.6139894723892212,/home/shush/profile/QuantPred/paper_runs/bpnet/bin_loss_40/run-20211014_004146-0c9szi0f
A549,0.800666332244873,/home/shush/profile/QuantPred/paper_runs/bpnet/bin_loss_40/run-20211014_004146-0c9szi0f
HCT116,0.8433815240859985,/home/shush/profile/QuantPred/paper_runs/bpnet/bin_loss_40/run-20211014_004146-0c9szi0f
IMR-90,0.5560343265533447,/home/shush/profile/QuantPred/paper_runs/bpnet/bin_loss_40/run-20211014_004146-0c9szi0f
NCI-H929,0.7944490909576416,/home/shush/profile/QuantPred/paper_runs/bpnet/bin_loss_40/run-20211014_004146-0c9szi0f
Panc1,0.6526445746421814,/home/shush/profile/QuantPred/paper_runs/bpnet/bin_loss_40/run-20211014_004146-0c9szi0f
PC-3,0.6252991557121277,/home/shush/profile/QuantPred/paper_runs/bpnet/bin_loss_40/run-20211014_004146-0c9szi0f
MCF,0.7518979907035828,/home/shush/profile/QuantPred/paper_runs/bpnet/bin_loss_40/run-20211014_004146-0c9szi0f
GM21381,0.8433560729026794,/home/shush/profile/QuantPred/paper_runs/bpnet/bin_loss_40/run-20211014_004014-25cd4rzs
GM23338,0.6284991502761841,/home/shush/profile/QuantPred/paper_runs/bpnet/bin_loss_40/run-20211014_004014-25cd4rzs
HepG2,0.6273887157440186,/home/shush/profile/QuantPred/paper_runs/bpnet/bin_loss_40/run-20211014_004014-25cd4rzs
RWPE2,0.6839272975921631,/home/shush/profile/QuantPred/paper_runs/bpnet/bin_loss_40/run-20211014_004014-25cd4rzs
HG03575,0.8786289691925049,/home/shush/profile/QuantPred/paper_runs/bpnet/bin_loss_40/run-20211014_004014-25cd4rzs
K562,0.7059918642044067,/home/shush/profile/QuantPred/paper_runs/bpnet/bin_loss_40/run-20211014_004014-25cd4rzs
DND-41,0.7504835724830627,/home/shush/profile/QuantPred/paper_runs/bpnet/bin_loss_40/run-20211014_004014-25cd4rzs
GM12878,0.65857994556427,/home/shush/profile/QuantPred/paper_runs/bpnet/bin_loss_40/run-20211014_004014-25cd4rzs
A549,0.8402852416038513,/home/shush/profile/QuantPred/paper_runs/bpnet/bin_loss_40/run-20211014_004014-25cd4rzs
HCT116,0.8903170228004456,/home/shush/profile/QuantPred/paper_runs/bpnet/bin_loss_40/run-20211014_004014-25cd4rzs
IMR-90,0.6074000000953674,/home/shush/profile/QuantPred/paper_runs/bpnet/bin_loss_40/run-20211014_004014-25cd4rzs
NCI-H929,0.8206437230110168,/home/shush/profile/QuantPred/paper_runs/bpnet/bin_loss_40/run-20211014_004014-25cd4rzs
Panc1,0.687095582485199,/home/shush/profile/QuantPred/paper_runs/bpnet/bin_loss_40/run-20211014_004014-25cd4rzs
PC-3,0.6775891184806824,/home/shush/profile/QuantPred/paper_runs/bpnet/bin_loss_40/run-20211014_004014-25cd4rzs
MCF,0.8012022972106934,/home/shush/profile/QuantPred/paper_runs/bpnet/bin_loss_40/run-20211014_004014-25cd4rzs
GM21381,0.8229461312294006,/home/shush/profile/QuantPred/paper_runs/bpnet/bin_loss_40/run-20211013_133018-32nqq0ep
GM23338,0.6437681317329407,/home/shush/profile/QuantPred/paper_runs/bpnet/bin_loss_40/run-20211013_133018-32nqq0ep
HepG2,0.6131726503372192,/home/shush/profile/QuantPred/paper_runs/bpnet/bin_loss_40/run-20211013_133018-32nqq0ep
RWPE2,0.6596888899803162,/home/shush/profile/QuantPred/paper_runs/bpnet/bin_loss_40/run-20211013_133018-32nqq0ep
HG03575,0.8483742475509644,/home/shush/profile/QuantPred/paper_runs/bpnet/bin_loss_40/run-20211013_133018-32nqq0ep
K562,0.7057167291641235,/home/shush/profile/QuantPred/paper_runs/bpnet/bin_loss_40/run-20211013_133018-32nqq0ep
DND-41,0.765061616897583,/home/shush/profile/QuantPred/paper_runs/bpnet/bin_loss_40/run-20211013_133018-32nqq0ep
GM12878,0.6436805129051208,/home/shush/profile/QuantPred/paper_runs/bpnet/bin_loss_40/run-20211013_133018-32nqq0ep
A549,0.7989639639854431,/home/shush/profile/QuantPred/paper_runs/bpnet/bin_loss_40/run-20211013_133018-32nqq0ep
HCT116,0.8616520166397095,/home/shush/profile/QuantPred/paper_runs/bpnet/bin_loss_40/run-20211013_133018-32nqq0ep
IMR-90,0.5734148025512695,/home/shush/profile/QuantPred/paper_runs/bpnet/bin_loss_40/run-20211013_133018-32nqq0ep
NCI-H929,0.8158692121505737,/home/shush/profile/QuantPred/paper_runs/bpnet/bin_loss_40/run-20211013_133018-32nqq0ep
Panc1,0.6555472016334534,/home/shush/profile/QuantPred/paper_runs/bpnet/bin_loss_40/run-20211013_133018-32nqq0ep
PC-3,0.6480733156204224,/home/shush/profile/QuantPred/paper_runs/bpnet/bin_loss_40/run-20211013_133018-32nqq0ep
MCF,0.7742183208465576,/home/shush/profile/QuantPred/paper_runs/bpnet/bin_loss_40/run-20211013_133018-32nqq0ep
GM21381,0.8537259101867676,/home/shush/profile/QuantPred/paper_runs/bpnet/bin_loss_40/run-20211013_133148-jj277obf
GM23338,0.6761825680732727,/home/shush/profile/QuantPred/paper_runs/bpnet/bin_loss_40/run-20211013_133148-jj277obf
HepG2,0.6658334732055664,/home/shush/profile/QuantPred/paper_runs/bpnet/bin_loss_40/run-20211013_133148-jj277obf
RWPE2,0.7164012789726257,/home/shush/profile/QuantPred/paper_runs/bpnet/bin_loss_40/run-20211013_133148-jj277obf
HG03575,0.8810631036758423,/home/shush/profile/QuantPred/paper_runs/bpnet/bin_loss_40/run-20211013_133148-jj277obf
K562,0.7215558886528015,/home/shush/profile/QuantPred/paper_runs/bpnet/bin_loss_40/run-20211013_133148-jj277obf
DND-41,0.7877600789070129,/home/shush/profile/QuantPred/paper_runs/bpnet/bin_loss_40/run-20211013_133148-jj277obf
GM12878,0.6812376379966736,/home/shush/profile/QuantPred/paper_runs/bpnet/bin_loss_40/run-20211013_133148-jj277obf
A549,0.8508853316307068,/home/shush/profile/QuantPred/paper_runs/bpnet/bin_loss_40/run-20211013_133148-jj277obf
HCT116,0.9180786609649658,/home/shush/profile/QuantPred/paper_runs/bpnet/bin_loss_40/run-20211013_133148-jj277obf
IMR-90,0.6451571583747864,/home/shush/profile/QuantPred/paper_runs/bpnet/bin_loss_40/run-20211013_133148-jj277obf
NCI-H929,0.8434369564056396,/home/shush/profile/QuantPred/paper_runs/bpnet/bin_loss_40/run-20211013_133148-jj277obf
Panc1,0.6783167719841003,/home/shush/profile/QuantPred/paper_runs/bpnet/bin_loss_40/run-20211013_133148-jj277obf
PC-3,0.7147521376609802,/home/shush/profile/QuantPred/paper_runs/bpnet/bin_loss_40/run-20211013_133148-jj277obf
MCF,0.8470784425735474,/home/shush/profile/QuantPred/paper_runs/bpnet/bin_loss_40/run-20211013_133148-jj277obf
GM21381,0.8750033378601074,/home/shush/profile/QuantPred/paper_runs/bpnet/bin_loss_40/run-20211014_021531-92uop80z
GM23338,0.676777720451355,/home/shush/profile/QuantPred/paper_runs/bpnet/bin_loss_40/run-20211014_021531-92uop80z
HepG2,0.6334492564201355,/home/shush/profile/QuantPred/paper_runs/bpnet/bin_loss_40/run-20211014_021531-92uop80z
RWPE2,0.6488702893257141,/home/shush/profile/QuantPred/paper_runs/bpnet/bin_loss_40/run-20211014_021531-92uop80z
HG03575,0.9504538774490356,/home/shush/profile/QuantPred/paper_runs/bpnet/bin_loss_40/run-20211014_021531-92uop80z
K562,0.8205357193946838,/home/shush/profile/QuantPred/paper_runs/bpnet/bin_loss_40/run-20211014_021531-92uop80z
DND-41,0.7626478672027588,/home/shush/profile/QuantPred/paper_runs/bpnet/bin_loss_40/run-20211014_021531-92uop80z
GM12878,0.7115967273712158,/home/shush/profile/QuantPred/paper_runs/bpnet/bin_loss_40/run-20211014_021531-92uop80z
A549,0.8833966255187988,/home/shush/profile/QuantPred/paper_runs/bpnet/bin_loss_40/run-20211014_021531-92uop80z
HCT116,0.9092933535575867,/home/shush/profile/QuantPred/paper_runs/bpnet/bin_loss_40/run-20211014_021531-92uop80z
IMR-90,0.5843347311019897,/home/shush/profile/QuantPred/paper_runs/bpnet/bin_loss_40/run-20211014_021531-92uop80z
NCI-H929,0.8844316005706787,/home/shush/profile/QuantPred/paper_runs/bpnet/bin_loss_40/run-20211014_021531-92uop80z
Panc1,0.7232484817504883,/home/shush/profile/QuantPred/paper_runs/bpnet/bin_loss_40/run-20211014_021531-92uop80z
PC-3,0.5686157941818237,/home/shush/profile/QuantPred/paper_runs/bpnet/bin_loss_40/run-20211014_021531-92uop80z
MCF,0.7037050724029541,/home/shush/profile/QuantPred/paper_runs/bpnet/bin_loss_40/run-20211014_021531-92uop80z
GM21381,-0.07105252146720886,/home/shush/profile/QuantPred/paper_runs/bpnet/bin_loss_40/run-20211014_013722-kvud28pu
GM23338,-0.00015595379227306694,/home/shush/profile/QuantPred/paper_runs/bpnet/bin_loss_40/run-20211014_013722-kvud28pu
HepG2,-0.00203796592541039,/home/shush/profile/QuantPred/paper_runs/bpnet/bin_loss_40/run-20211014_013722-kvud28pu
RWPE2,-0.00039469904731959105,/home/shush/profile/QuantPred/paper_runs/bpnet/bin_loss_40/run-20211014_013722-kvud28pu
HG03575,0.001128557720221579,/home/shush/profile/QuantPred/paper_runs/bpnet/bin_loss_40/run-20211014_013722-kvud28pu
K562,-0.00017406661936547607,/home/shush/profile/QuantPred/paper_runs/bpnet/bin_loss_40/run-20211014_013722-kvud28pu
DND-41,-0.0003310602332931012,/home/shush/profile/QuantPred/paper_runs/bpnet/bin_loss_40/run-20211014_013722-kvud28pu
GM12878,0.0033383523114025593,/home/shush/profile/QuantPred/paper_runs/bpnet/bin_loss_40/run-20211014_013722-kvud28pu
A549,-0.0002701039193198085,/home/shush/profile/QuantPred/paper_runs/bpnet/bin_loss_40/run-20211014_013722-kvud28pu
HCT116,0.0006183126242831349,/home/shush/profile/QuantPred/paper_runs/bpnet/bin_loss_40/run-20211014_013722-kvud28pu
IMR-90,-0.00020732783013954759,/home/shush/profile/QuantPred/paper_runs/bpnet/bin_loss_40/run-20211014_013722-kvud28pu
NCI-H929,-0.00035378109896555543,/home/shush/profile/QuantPred/paper_runs/bpnet/bin_loss_40/run-20211014_013722-kvud28pu
Panc1,-0.0001920798677019775,/home/shush/profile/QuantPred/paper_runs/bpnet/bin_loss_40/run-20211014_013722-kvud28pu
PC-3,0.003478077007457614,/home/shush/profile/QuantPred/paper_runs/bpnet/bin_loss_40/run-20211014_013722-kvud28pu
MCF,0.009785409085452557,/home/shush/profile/QuantPred/paper_runs/bpnet/bin_loss_40/run-20211014_013722-kvud28pu
GM21381,0.818801760673523,/home/shush/profile/QuantPred/paper_runs/bpnet/bin_loss_40/run-20211014_003738-3a13d5cz
GM23338,0.6215291619300842,/home/shush/profile/QuantPred/paper_runs/bpnet/bin_loss_40/run-20211014_003738-3a13d5cz
HepG2,0.617684006690979,/home/shush/profile/QuantPred/paper_runs/bpnet/bin_loss_40/run-20211014_003738-3a13d5cz
RWPE2,0.6686240434646606,/home/shush/profile/QuantPred/paper_runs/bpnet/bin_loss_40/run-20211014_003738-3a13d5cz
HG03575,0.8519839644432068,/home/shush/profile/QuantPred/paper_runs/bpnet/bin_loss_40/run-20211014_003738-3a13d5cz
K562,0.6967549324035645,/home/shush/profile/QuantPred/paper_runs/bpnet/bin_loss_40/run-20211014_003738-3a13d5cz
DND-41,0.7320591807365417,/home/shush/profile/QuantPred/paper_runs/bpnet/bin_loss_40/run-20211014_003738-3a13d5cz
GM12878,0.6301394701004028,/home/shush/profile/QuantPred/paper_runs/bpnet/bin_loss_40/run-20211014_003738-3a13d5cz
A549,0.8196033835411072,/home/shush/profile/QuantPred/paper_runs/bpnet/bin_loss_40/run-20211014_003738-3a13d5cz
HCT116,0.8866801857948303,/home/shush/profile/QuantPred/paper_runs/bpnet/bin_loss_40/run-20211014_003738-3a13d5cz
IMR-90,0.5974653363227844,/home/shush/profile/QuantPred/paper_runs/bpnet/bin_loss_40/run-20211014_003738-3a13d5cz
NCI-H929,0.8137207627296448,/home/shush/profile/QuantPred/paper_runs/bpnet/bin_loss_40/run-20211014_003738-3a13d5cz
Panc1,0.6703702807426453,/home/shush/profile/QuantPred/paper_runs/bpnet/bin_loss_40/run-20211014_003738-3a13d5cz
PC-3,0.664078950881958,/home/shush/profile/QuantPred/paper_runs/bpnet/bin_loss_40/run-20211014_003738-3a13d5cz
MCF,0.7833967804908752,/home/shush/profile/QuantPred/paper_runs/bpnet/bin_loss_40/run-20211014_003738-3a13d5cz
GM21381,1.0873850584030151,/home/shush/profile/QuantPred/paper_runs/bpnet/bin_loss_40/run-20211014_002826-kr1pxs6j
GM23338,0.7659525871276855,/home/shush/profile/QuantPred/paper_runs/bpnet/bin_loss_40/run-20211014_002826-kr1pxs6j
HepG2,1.4039779901504517,/home/shush/profile/QuantPred/paper_runs/bpnet/bin_loss_40/run-20211014_002826-kr1pxs6j
RWPE2,0.9873770475387573,/home/shush/profile/QuantPred/paper_runs/bpnet/bin_loss_40/run-20211014_002826-kr1pxs6j
HG03575,0.8199875950813293,/home/shush/profile/QuantPred/paper_runs/bpnet/bin_loss_40/run-20211014_002826-kr1pxs6j
K562,0.9957665801048279,/home/shush/profile/QuantPred/paper_runs/bpnet/bin_loss_40/run-20211014_002826-kr1pxs6j
DND-41,1.171021819114685,/home/shush/profile/QuantPred/paper_runs/bpnet/bin_loss_40/run-20211014_002826-kr1pxs6j
GM12878,0.8673505187034607,/home/shush/profile/QuantPred/paper_runs/bpnet/bin_loss_40/run-20211014_002826-kr1pxs6j
A549,1.992429256439209,/home/shush/profile/QuantPred/paper_runs/bpnet/bin_loss_40/run-20211014_002826-kr1pxs6j
HCT116,1.075929045677185,/home/shush/profile/QuantPred/paper_runs/bpnet/bin_loss_40/run-20211014_002826-kr1pxs6j
IMR-90,0.7603939771652222,/home/shush/profile/QuantPred/paper_runs/bpnet/bin_loss_40/run-20211014_002826-kr1pxs6j
NCI-H929,1.3958313465118408,/home/shush/profile/QuantPred/paper_runs/bpnet/bin_loss_40/run-20211014_002826-kr1pxs6j
Panc1,0.9579766988754272,/home/shush/profile/QuantPred/paper_runs/bpnet/bin_loss_40/run-20211014_002826-kr1pxs6j
PC-3,0.7014368772506714,/home/shush/profile/QuantPred/paper_runs/bpnet/bin_loss_40/run-20211014_002826-kr1pxs6j
MCF,1.3511942625045776,/home/shush/profile/QuantPred/paper_runs/bpnet/bin_loss_40/run-20211014_002826-kr1pxs6j
GM21381,0.8439276218414307,/home/shush/profile/QuantPred/paper_runs/bpnet/bin_loss_40/run-20211013_133014-j1sxa5iy
GM23338,0.6680381894111633,/home/shush/profile/QuantPred/paper_runs/bpnet/bin_loss_40/run-20211013_133014-j1sxa5iy
HepG2,0.6504656672477722,/home/shush/profile/QuantPred/paper_runs/bpnet/bin_loss_40/run-20211013_133014-j1sxa5iy
RWPE2,0.7043476700782776,/home/shush/profile/QuantPred/paper_runs/bpnet/bin_loss_40/run-20211013_133014-j1sxa5iy
HG03575,0.8759365081787109,/home/shush/profile/QuantPred/paper_runs/bpnet/bin_loss_40/run-20211013_133014-j1sxa5iy
K562,0.7201550006866455,/home/shush/profile/QuantPred/paper_runs/bpnet/bin_loss_40/run-20211013_133014-j1sxa5iy
DND-41,0.7788984179496765,/home/shush/profile/QuantPred/paper_runs/bpnet/bin_loss_40/run-20211013_133014-j1sxa5iy
GM12878,0.667787492275238,/home/shush/profile/QuantPred/paper_runs/bpnet/bin_loss_40/run-20211013_133014-j1sxa5iy
A549,0.8367970585823059,/home/shush/profile/QuantPred/paper_runs/bpnet/bin_loss_40/run-20211013_133014-j1sxa5iy
HCT116,0.8958114385604858,/home/shush/profile/QuantPred/paper_runs/bpnet/bin_loss_40/run-20211013_133014-j1sxa5iy
IMR-90,0.6418616771697998,/home/shush/profile/QuantPred/paper_runs/bpnet/bin_loss_40/run-20211013_133014-j1sxa5iy
NCI-H929,0.8288148641586304,/home/shush/profile/QuantPred/paper_runs/bpnet/bin_loss_40/run-20211013_133014-j1sxa5iy
Panc1,0.6680183410644531,/home/shush/profile/QuantPred/paper_runs/bpnet/bin_loss_40/run-20211013_133014-j1sxa5iy
PC-3,0.7068600654602051,/home/shush/profile/QuantPred/paper_runs/bpnet/bin_loss_40/run-20211013_133014-j1sxa5iy
MCF,0.8495221734046936,/home/shush/profile/QuantPred/paper_runs/bpnet/bin_loss_40/run-20211013_133014-j1sxa5iy
GM21381,0.814784824848175,/home/shush/profile/QuantPred/paper_runs/bpnet/bin_loss_40/run-20211013_133018-918815ij
GM23338,0.6426297426223755,/home/shush/profile/QuantPred/paper_runs/bpnet/bin_loss_40/run-20211013_133018-918815ij
HepG2,0.6040155291557312,/home/shush/profile/QuantPred/paper_runs/bpnet/bin_loss_40/run-20211013_133018-918815ij
RWPE2,0.6552069187164307,/home/shush/profile/QuantPred/paper_runs/bpnet/bin_loss_40/run-20211013_133018-918815ij
HG03575,0.8445006012916565,/home/shush/profile/QuantPred/paper_runs/bpnet/bin_loss_40/run-20211013_133018-918815ij
K562,0.7038499116897583,/home/shush/profile/QuantPred/paper_runs/bpnet/bin_loss_40/run-20211013_133018-918815ij
DND-41,0.7506436109542847,/home/shush/profile/QuantPred/paper_runs/bpnet/bin_loss_40/run-20211013_133018-918815ij
GM12878,0.6373646855354309,/home/shush/profile/QuantPred/paper_runs/bpnet/bin_loss_40/run-20211013_133018-918815ij
A549,0.7790137529373169,/home/shush/profile/QuantPred/paper_runs/bpnet/bin_loss_40/run-20211013_133018-918815ij
HCT116,0.8497992157936096,/home/shush/profile/QuantPred/paper_runs/bpnet/bin_loss_40/run-20211013_133018-918815ij
IMR-90,0.5561268329620361,/home/shush/profile/QuantPred/paper_runs/bpnet/bin_loss_40/run-20211013_133018-918815ij
NCI-H929,0.8035205006599426,/home/shush/profile/QuantPred/paper_runs/bpnet/bin_loss_40/run-20211013_133018-918815ij
Panc1,0.6392431259155273,/home/shush/profile/QuantPred/paper_runs/bpnet/bin_loss_40/run-20211013_133018-918815ij
PC-3,0.6343084573745728,/home/shush/profile/QuantPred/paper_runs/bpnet/bin_loss_40/run-20211013_133018-918815ij
MCF,0.7726821303367615,/home/shush/profile/QuantPred/paper_runs/bpnet/bin_loss_40/run-20211013_133018-918815ij
GM21381,0.8901104927062988,/home/shush/profile/QuantPred/paper_runs/bpnet/bin_loss_40/run-20211013_133018-hztc7wsn
GM23338,0.6383940577507019,/home/shush/profile/QuantPred/paper_runs/bpnet/bin_loss_40/run-20211013_133018-hztc7wsn
HepG2,0.6699190735816956,/home/shush/profile/QuantPred/paper_runs/bpnet/bin_loss_40/run-20211013_133018-hztc7wsn
RWPE2,0.6803310513496399,/home/shush/profile/QuantPred/paper_runs/bpnet/bin_loss_40/run-20211013_133018-hztc7wsn
HG03575,0.8932880759239197,/home/shush/profile/QuantPred/paper_runs/bpnet/bin_loss_40/run-20211013_133018-hztc7wsn
K562,0.7409111261367798,/home/shush/profile/QuantPred/paper_runs/bpnet/bin_loss_40/run-20211013_133018-hztc7wsn
DND-41,0.7779654264450073,/home/shush/profile/QuantPred/paper_runs/bpnet/bin_loss_40/run-20211013_133018-hztc7wsn
GM12878,0.6788785457611084,/home/shush/profile/QuantPred/paper_runs/bpnet/bin_loss_40/run-20211013_133018-hztc7wsn
A549,0.8905584216117859,/home/shush/profile/QuantPred/paper_runs/bpnet/bin_loss_40/run-20211013_133018-hztc7wsn
HCT116,0.9042302370071411,/home/shush/profile/QuantPred/paper_runs/bpnet/bin_loss_40/run-20211013_133018-hztc7wsn
IMR-90,0.6384086012840271,/home/shush/profile/QuantPred/paper_runs/bpnet/bin_loss_40/run-20211013_133018-hztc7wsn
NCI-H929,0.8700029850006104,/home/shush/profile/QuantPred/paper_runs/bpnet/bin_loss_40/run-20211013_133018-hztc7wsn
Panc1,0.7129389047622681,/home/shush/profile/QuantPred/paper_runs/bpnet/bin_loss_40/run-20211013_133018-hztc7wsn
PC-3,0.6921346187591553,/home/shush/profile/QuantPred/paper_runs/bpnet/bin_loss_40/run-20211013_133018-hztc7wsn
MCF,0.8485916256904602,/home/shush/profile/QuantPred/paper_runs/bpnet/bin_loss_40/run-20211013_133018-hztc7wsn
GM21381,0.001634853077121079,/home/shush/profile/QuantPred/paper_runs/bpnet/bin_loss_40/run-20211013_133018-t849g1l7
GM23338,-0.00045308921835385263,/home/shush/profile/QuantPred/paper_runs/bpnet/bin_loss_40/run-20211013_133018-t849g1l7
HepG2,0.003798187244683504,/home/shush/profile/QuantPred/paper_runs/bpnet/bin_loss_40/run-20211013_133018-t849g1l7
RWPE2,0.0010471277637407184,/home/shush/profile/QuantPred/paper_runs/bpnet/bin_loss_40/run-20211013_133018-t849g1l7
HG03575,0.0003766817389987409,/home/shush/profile/QuantPred/paper_runs/bpnet/bin_loss_40/run-20211013_133018-t849g1l7
K562,-0.0006203220691531897,/home/shush/profile/QuantPred/paper_runs/bpnet/bin_loss_40/run-20211013_133018-t849g1l7
DND-41,0.04205266758799553,/home/shush/profile/QuantPred/paper_runs/bpnet/bin_loss_40/run-20211013_133018-t849g1l7
GM12878,0.004814354702830315,/home/shush/profile/QuantPred/paper_runs/bpnet/bin_loss_40/run-20211013_133018-t849g1l7
A549,-0.0002879338862840086,/home/shush/profile/QuantPred/paper_runs/bpnet/bin_loss_40/run-20211013_133018-t849g1l7
HCT116,-0.0018848590552806854,/home/shush/profile/QuantPred/paper_runs/bpnet/bin_loss_40/run-20211013_133018-t849g1l7
IMR-90,0.0005568286869674921,/home/shush/profile/QuantPred/paper_runs/bpnet/bin_loss_40/run-20211013_133018-t849g1l7
NCI-H929,0.015212945640087128,/home/shush/profile/QuantPred/paper_runs/bpnet/bin_loss_40/run-20211013_133018-t849g1l7
Panc1,-0.00018080964218825102,/home/shush/profile/QuantPred/paper_runs/bpnet/bin_loss_40/run-20211013_133018-t849g1l7
PC-3,0.0012990398099645972,/home/shush/profile/QuantPred/paper_runs/bpnet/bin_loss_40/run-20211013_133018-t849g1l7
MCF,-0.0003643536183517426,/home/shush/profile/QuantPred/paper_runs/bpnet/bin_loss_40/run-20211013_133018-t849g1l7
GM21381,0.8918116092681885,/home/shush/profile/QuantPred/paper_runs/bpnet/bin_loss_40/run-20211014_004008-vw9w2k0l
GM23338,0.6266408562660217,/home/shush/profile/QuantPred/paper_runs/bpnet/bin_loss_40/run-20211014_004008-vw9w2k0l
HepG2,0.5983516573905945,/home/shush/profile/QuantPred/paper_runs/bpnet/bin_loss_40/run-20211014_004008-vw9w2k0l
RWPE2,0.6594290137290955,/home/shush/profile/QuantPred/paper_runs/bpnet/bin_loss_40/run-20211014_004008-vw9w2k0l
HG03575,0.8881666660308838,/home/shush/profile/QuantPred/paper_runs/bpnet/bin_loss_40/run-20211014_004008-vw9w2k0l
K562,0.729341983795166,/home/shush/profile/QuantPred/paper_runs/bpnet/bin_loss_40/run-20211014_004008-vw9w2k0l
DND-41,0.7763418555259705,/home/shush/profile/QuantPred/paper_runs/bpnet/bin_loss_40/run-20211014_004008-vw9w2k0l
GM12878,0.6488208770751953,/home/shush/profile/QuantPred/paper_runs/bpnet/bin_loss_40/run-20211014_004008-vw9w2k0l
A549,0.8420475721359253,/home/shush/profile/QuantPred/paper_runs/bpnet/bin_loss_40/run-20211014_004008-vw9w2k0l
HCT116,0.8281995058059692,/home/shush/profile/QuantPred/paper_runs/bpnet/bin_loss_40/run-20211014_004008-vw9w2k0l
IMR-90,0.6234737038612366,/home/shush/profile/QuantPred/paper_runs/bpnet/bin_loss_40/run-20211014_004008-vw9w2k0l
NCI-H929,0.8708231449127197,/home/shush/profile/QuantPred/paper_runs/bpnet/bin_loss_40/run-20211014_004008-vw9w2k0l
Panc1,0.6738907098770142,/home/shush/profile/QuantPred/paper_runs/bpnet/bin_loss_40/run-20211014_004008-vw9w2k0l
PC-3,0.6378064751625061,/home/shush/profile/QuantPred/paper_runs/bpnet/bin_loss_40/run-20211014_004008-vw9w2k0l
MCF,0.7358147501945496,/home/shush/profile/QuantPred/paper_runs/bpnet/bin_loss_40/run-20211014_004008-vw9w2k0l
GM21381,0.8799629211425781,/home/shush/profile/QuantPred/paper_runs/bpnet/bin_loss_40/run-20211013_133018-vmlh4f4v
GM23338,0.6765117645263672,/home/shush/profile/QuantPred/paper_runs/bpnet/bin_loss_40/run-20211013_133018-vmlh4f4v
HepG2,0.684023380279541,/home/shush/profile/QuantPred/paper_runs/bpnet/bin_loss_40/run-20211013_133018-vmlh4f4v
RWPE2,0.7354621291160583,/home/shush/profile/QuantPred/paper_runs/bpnet/bin_loss_40/run-20211013_133018-vmlh4f4v
HG03575,0.9172698855400085,/home/shush/profile/QuantPred/paper_runs/bpnet/bin_loss_40/run-20211013_133018-vmlh4f4v
K562,0.7248516082763672,/home/shush/profile/QuantPred/paper_runs/bpnet/bin_loss_40/run-20211013_133018-vmlh4f4v
DND-41,0.8046453595161438,/home/shush/profile/QuantPred/paper_runs/bpnet/bin_loss_40/run-20211013_133018-vmlh4f4v
GM12878,0.6999592185020447,/home/shush/profile/QuantPred/paper_runs/bpnet/bin_loss_40/run-20211013_133018-vmlh4f4v
A549,0.8734055757522583,/home/shush/profile/QuantPred/paper_runs/bpnet/bin_loss_40/run-20211013_133018-vmlh4f4v
HCT116,0.9389468431472778,/home/shush/profile/QuantPred/paper_runs/bpnet/bin_loss_40/run-20211013_133018-vmlh4f4v
IMR-90,0.6652989387512207,/home/shush/profile/QuantPred/paper_runs/bpnet/bin_loss_40/run-20211013_133018-vmlh4f4v
NCI-H929,0.8741298913955688,/home/shush/profile/QuantPred/paper_runs/bpnet/bin_loss_40/run-20211013_133018-vmlh4f4v
Panc1,0.6999480724334717,/home/shush/profile/QuantPred/paper_runs/bpnet/bin_loss_40/run-20211013_133018-vmlh4f4v
PC-3,0.7438157796859741,/home/shush/profile/QuantPred/paper_runs/bpnet/bin_loss_40/run-20211013_133018-vmlh4f4v
MCF,0.8674518465995789,/home/shush/profile/QuantPred/paper_runs/bpnet/bin_loss_40/run-20211013_133018-vmlh4f4v
GM21381,0.8801144361495972,/home/shush/profile/QuantPred/paper_runs/bpnet/bin_loss_40/run-20211014_010201-r8wkri2y
GM23338,0.6557899713516235,/home/shush/profile/QuantPred/paper_runs/bpnet/bin_loss_40/run-20211014_010201-r8wkri2y
HepG2,0.648939847946167,/home/shush/profile/QuantPred/paper_runs/bpnet/bin_loss_40/run-20211014_010201-r8wkri2y
RWPE2,0.6822562217712402,/home/shush/profile/QuantPred/paper_runs/bpnet/bin_loss_40/run-20211014_010201-r8wkri2y
HG03575,0.8890138268470764,/home/shush/profile/QuantPred/paper_runs/bpnet/bin_loss_40/run-20211014_010201-r8wkri2y
K562,0.7744420170783997,/home/shush/profile/QuantPred/paper_runs/bpnet/bin_loss_40/run-20211014_010201-r8wkri2y
DND-41,0.7316111326217651,/home/shush/profile/QuantPred/paper_runs/bpnet/bin_loss_40/run-20211014_010201-r8wkri2y
GM12878,0.6323910355567932,/home/shush/profile/QuantPred/paper_runs/bpnet/bin_loss_40/run-20211014_010201-r8wkri2y
A549,0.8658364415168762,/home/shush/profile/QuantPred/paper_runs/bpnet/bin_loss_40/run-20211014_010201-r8wkri2y
HCT116,0.831119179725647,/home/shush/profile/QuantPred/paper_runs/bpnet/bin_loss_40/run-20211014_010201-r8wkri2y
IMR-90,0.614845871925354,/home/shush/profile/QuantPred/paper_runs/bpnet/bin_loss_40/run-20211014_010201-r8wkri2y
NCI-H929,0.8962575197219849,/home/shush/profile/QuantPred/paper_runs/bpnet/bin_loss_40/run-20211014_010201-r8wkri2y
Panc1,0.707033634185791,/home/shush/profile/QuantPred/paper_runs/bpnet/bin_loss_40/run-20211014_010201-r8wkri2y
PC-3,0.635341465473175,/home/shush/profile/QuantPred/paper_runs/bpnet/bin_loss_40/run-20211014_010201-r8wkri2y
MCF,0.8282573819160461,/home/shush/profile/QuantPred/paper_runs/bpnet/bin_loss_40/run-20211014_010201-r8wkri2y
GM21381,0.8291418552398682,/home/shush/profile/QuantPred/paper_runs/bpnet/bin_loss_40/run-20211013_133018-o2kn2lqv
GM23338,0.6929885149002075,/home/shush/profile/QuantPred/paper_runs/bpnet/bin_loss_40/run-20211013_133018-o2kn2lqv
HepG2,0.6887085437774658,/home/shush/profile/QuantPred/paper_runs/bpnet/bin_loss_40/run-20211013_133018-o2kn2lqv
RWPE2,0.6601656079292297,/home/shush/profile/QuantPred/paper_runs/bpnet/bin_loss_40/run-20211013_133018-o2kn2lqv
HG03575,0.912871241569519,/home/shush/profile/QuantPred/paper_runs/bpnet/bin_loss_40/run-20211013_133018-o2kn2lqv
K562,0.6871957182884216,/home/shush/profile/QuantPred/paper_runs/bpnet/bin_loss_40/run-20211013_133018-o2kn2lqv
DND-41,0.7459692358970642,/home/shush/profile/QuantPred/paper_runs/bpnet/bin_loss_40/run-20211013_133018-o2kn2lqv
GM12878,0.5437913537025452,/home/shush/profile/QuantPred/paper_runs/bpnet/bin_loss_40/run-20211013_133018-o2kn2lqv
A549,0.9374623894691467,/home/shush/profile/QuantPred/paper_runs/bpnet/bin_loss_40/run-20211013_133018-o2kn2lqv
HCT116,0.936826765537262,/home/shush/profile/QuantPred/paper_runs/bpnet/bin_loss_40/run-20211013_133018-o2kn2lqv
IMR-90,0.5740574598312378,/home/shush/profile/QuantPred/paper_runs/bpnet/bin_loss_40/run-20211013_133018-o2kn2lqv
NCI-H929,0.9172759056091309,/home/shush/profile/QuantPred/paper_runs/bpnet/bin_loss_40/run-20211013_133018-o2kn2lqv
Panc1,0.7192661166191101,/home/shush/profile/QuantPred/paper_runs/bpnet/bin_loss_40/run-20211013_133018-o2kn2lqv
PC-3,0.596752405166626,/home/shush/profile/QuantPred/paper_runs/bpnet/bin_loss_40/run-20211013_133018-o2kn2lqv
MCF,0.8709268569946289,/home/shush/profile/QuantPred/paper_runs/bpnet/bin_loss_40/run-20211013_133018-o2kn2lqv
GM21381,0.9449159502983093,/home/shush/profile/QuantPred/paper_runs/bpnet/bin_loss_40/run-20211028_112045-yqbdnmky
GM23338,0.6750186085700989,/home/shush/profile/QuantPred/paper_runs/bpnet/bin_loss_40/run-20211028_112045-yqbdnmky
HepG2,0.6732974052429199,/home/shush/profile/QuantPred/paper_runs/bpnet/bin_loss_40/run-20211028_112045-yqbdnmky
RWPE2,0.6781963109970093,/home/shush/profile/QuantPred/paper_runs/bpnet/bin_loss_40/run-20211028_112045-yqbdnmky
HG03575,0.9327404499053955,/home/shush/profile/QuantPred/paper_runs/bpnet/bin_loss_40/run-20211028_112045-yqbdnmky
K562,0.7201917767524719,/home/shush/profile/QuantPred/paper_runs/bpnet/bin_loss_40/run-20211028_112045-yqbdnmky
DND-41,0.8199137449264526,/home/shush/profile/QuantPred/paper_runs/bpnet/bin_loss_40/run-20211028_112045-yqbdnmky
GM12878,0.6866217255592346,/home/shush/profile/QuantPred/paper_runs/bpnet/bin_loss_40/run-20211028_112045-yqbdnmky
A549,0.8917220830917358,/home/shush/profile/QuantPred/paper_runs/bpnet/bin_loss_40/run-20211028_112045-yqbdnmky
HCT116,0.8401437997817993,/home/shush/profile/QuantPred/paper_runs/bpnet/bin_loss_40/run-20211028_112045-yqbdnmky
IMR-90,0.6081175804138184,/home/shush/profile/QuantPred/paper_runs/bpnet/bin_loss_40/run-20211028_112045-yqbdnmky
NCI-H929,0.8824537992477417,/home/shush/profile/QuantPred/paper_runs/bpnet/bin_loss_40/run-20211028_112045-yqbdnmky
Panc1,0.8021143674850464,/home/shush/profile/QuantPred/paper_runs/bpnet/bin_loss_40/run-20211028_112045-yqbdnmky
PC-3,0.7029853463172913,/home/shush/profile/QuantPred/paper_runs/bpnet/bin_loss_40/run-20211028_112045-yqbdnmky
MCF,0.7940855026245117,/home/shush/profile/QuantPred/paper_runs/bpnet/bin_loss_40/run-20211028_112045-yqbdnmky
GM21381,0.81024169921875,/home/shush/profile/QuantPred/paper_runs/bpnet/bin_loss_40/run-20211014_003039-5v99est6
GM23338,0.6158916354179382,/home/shush/profile/QuantPred/paper_runs/bpnet/bin_loss_40/run-20211014_003039-5v99est6
HepG2,0.6117356419563293,/home/shush/profile/QuantPred/paper_runs/bpnet/bin_loss_40/run-20211014_003039-5v99est6
RWPE2,0.6698153614997864,/home/shush/profile/QuantPred/paper_runs/bpnet/bin_loss_40/run-20211014_003039-5v99est6
HG03575,0.8437551259994507,/home/shush/profile/QuantPred/paper_runs/bpnet/bin_loss_40/run-20211014_003039-5v99est6
K562,0.6922950744628906,/home/shush/profile/QuantPred/paper_runs/bpnet/bin_loss_40/run-20211014_003039-5v99est6
DND-41,0.7382510304450989,/home/shush/profile/QuantPred/paper_runs/bpnet/bin_loss_40/run-20211014_003039-5v99est6
GM12878,0.6273182034492493,/home/shush/profile/QuantPred/paper_runs/bpnet/bin_loss_40/run-20211014_003039-5v99est6
A549,0.8175991177558899,/home/shush/profile/QuantPred/paper_runs/bpnet/bin_loss_40/run-20211014_003039-5v99est6
HCT116,0.8772472739219666,/home/shush/profile/QuantPred/paper_runs/bpnet/bin_loss_40/run-20211014_003039-5v99est6
IMR-90,0.5957566499710083,/home/shush/profile/QuantPred/paper_runs/bpnet/bin_loss_40/run-20211014_003039-5v99est6
NCI-H929,0.8129850029945374,/home/shush/profile/QuantPred/paper_runs/bpnet/bin_loss_40/run-20211014_003039-5v99est6
Panc1,0.6685925722122192,/home/shush/profile/QuantPred/paper_runs/bpnet/bin_loss_40/run-20211014_003039-5v99est6
PC-3,0.6595533490180969,/home/shush/profile/QuantPred/paper_runs/bpnet/bin_loss_40/run-20211014_003039-5v99est6
MCF,0.7818106412887573,/home/shush/profile/QuantPred/paper_runs/bpnet/bin_loss_40/run-20211014_003039-5v99est6
GM21381,0.8191144466400146,/home/shush/profile/QuantPred/paper_runs/bpnet/bin_loss_40/run-20211013_133018-egzpiqbx
GM23338,0.6532542705535889,/home/shush/profile/QuantPred/paper_runs/bpnet/bin_loss_40/run-20211013_133018-egzpiqbx
HepG2,0.6102444529533386,/home/shush/profile/QuantPred/paper_runs/bpnet/bin_loss_40/run-20211013_133018-egzpiqbx
RWPE2,0.6638358235359192,/home/shush/profile/QuantPred/paper_runs/bpnet/bin_loss_40/run-20211013_133018-egzpiqbx
HG03575,0.8402526378631592,/home/shush/profile/QuantPred/paper_runs/bpnet/bin_loss_40/run-20211013_133018-egzpiqbx
K562,0.7044937610626221,/home/shush/profile/QuantPred/paper_runs/bpnet/bin_loss_40/run-20211013_133018-egzpiqbx
DND-41,0.7726141810417175,/home/shush/profile/QuantPred/paper_runs/bpnet/bin_loss_40/run-20211013_133018-egzpiqbx
GM12878,0.6448961496353149,/home/shush/profile/QuantPred/paper_runs/bpnet/bin_loss_40/run-20211013_133018-egzpiqbx
A549,0.8023289442062378,/home/shush/profile/QuantPred/paper_runs/bpnet/bin_loss_40/run-20211013_133018-egzpiqbx
HCT116,0.854786217212677,/home/shush/profile/QuantPred/paper_runs/bpnet/bin_loss_40/run-20211013_133018-egzpiqbx
IMR-90,0.5866439938545227,/home/shush/profile/QuantPred/paper_runs/bpnet/bin_loss_40/run-20211013_133018-egzpiqbx
NCI-H929,0.8100001215934753,/home/shush/profile/QuantPred/paper_runs/bpnet/bin_loss_40/run-20211013_133018-egzpiqbx
Panc1,0.6614424586296082,/home/shush/profile/QuantPred/paper_runs/bpnet/bin_loss_40/run-20211013_133018-egzpiqbx
PC-3,0.6662784218788147,/home/shush/profile/QuantPred/paper_runs/bpnet/bin_loss_40/run-20211013_133018-egzpiqbx
MCF,0.7861766219139099,/home/shush/profile/QuantPred/paper_runs/bpnet/bin_loss_40/run-20211013_133018-egzpiqbx
GM21381,0.7697005867958069,/home/shush/profile/QuantPred/paper_runs/bpnet/bin_loss_40/run-20211014_011345-t7d6t0my
GM23338,0.6220818161964417,/home/shush/profile/QuantPred/paper_runs/bpnet/bin_loss_40/run-20211014_011345-t7d6t0my
HepG2,0.595642626285553,/home/shush/profile/QuantPred/paper_runs/bpnet/bin_loss_40/run-20211014_011345-t7d6t0my
RWPE2,0.5933098196983337,/home/shush/profile/QuantPred/paper_runs/bpnet/bin_loss_40/run-20211014_011345-t7d6t0my
HG03575,0.8029311895370483,/home/shush/profile/QuantPred/paper_runs/bpnet/bin_loss_40/run-20211014_011345-t7d6t0my
K562,0.6906439065933228,/home/shush/profile/QuantPred/paper_runs/bpnet/bin_loss_40/run-20211014_011345-t7d6t0my
DND-41,0.6669578552246094,/home/shush/profile/QuantPred/paper_runs/bpnet/bin_loss_40/run-20211014_011345-t7d6t0my
GM12878,0.5879068374633789,/home/shush/profile/QuantPred/paper_runs/bpnet/bin_loss_40/run-20211014_011345-t7d6t0my
A549,0.7802971005439758,/home/shush/profile/QuantPred/paper_runs/bpnet/bin_loss_40/run-20211014_011345-t7d6t0my
HCT116,0.8252493143081665,/home/shush/profile/QuantPred/paper_runs/bpnet/bin_loss_40/run-20211014_011345-t7d6t0my
IMR-90,0.5289415717124939,/home/shush/profile/QuantPred/paper_runs/bpnet/bin_loss_40/run-20211014_011345-t7d6t0my
NCI-H929,0.7380214333534241,/home/shush/profile/QuantPred/paper_runs/bpnet/bin_loss_40/run-20211014_011345-t7d6t0my
Panc1,0.6471817493438721,/home/shush/profile/QuantPred/paper_runs/bpnet/bin_loss_40/run-20211014_011345-t7d6t0my
PC-3,0.5446319580078125,/home/shush/profile/QuantPred/paper_runs/bpnet/bin_loss_40/run-20211014_011345-t7d6t0my
MCF,0.6967257857322693,/home/shush/profile/QuantPred/paper_runs/bpnet/bin_loss_40/run-20211014_011345-t7d6t0my
GM21381,0.8290782570838928,/home/shush/profile/QuantPred/paper_runs/bpnet/bin_loss_40/run-20211014_010519-7k3pmgkn
GM23338,0.6373788118362427,/home/shush/profile/QuantPred/paper_runs/bpnet/bin_loss_40/run-20211014_010519-7k3pmgkn
HepG2,0.5999085307121277,/home/shush/profile/QuantPred/paper_runs/bpnet/bin_loss_40/run-20211014_010519-7k3pmgkn
RWPE2,0.6157398223876953,/home/shush/profile/QuantPred/paper_runs/bpnet/bin_loss_40/run-20211014_010519-7k3pmgkn
HG03575,0.8609139323234558,/home/shush/profile/QuantPred/paper_runs/bpnet/bin_loss_40/run-20211014_010519-7k3pmgkn
K562,0.7012970447540283,/home/shush/profile/QuantPred/paper_runs/bpnet/bin_loss_40/run-20211014_010519-7k3pmgkn
DND-41,0.7308728694915771,/home/shush/profile/QuantPred/paper_runs/bpnet/bin_loss_40/run-20211014_010519-7k3pmgkn
GM12878,0.6466161608695984,/home/shush/profile/QuantPred/paper_runs/bpnet/bin_loss_40/run-20211014_010519-7k3pmgkn
A549,0.7996202707290649,/home/shush/profile/QuantPred/paper_runs/bpnet/bin_loss_40/run-20211014_010519-7k3pmgkn
HCT116,0.8487420082092285,/home/shush/profile/QuantPred/paper_runs/bpnet/bin_loss_40/run-20211014_010519-7k3pmgkn
IMR-90,0.54079669713974,/home/shush/profile/QuantPred/paper_runs/bpnet/bin_loss_40/run-20211014_010519-7k3pmgkn
NCI-H929,0.7922178506851196,/home/shush/profile/QuantPred/paper_runs/bpnet/bin_loss_40/run-20211014_010519-7k3pmgkn
Panc1,0.660574734210968,/home/shush/profile/QuantPred/paper_runs/bpnet/bin_loss_40/run-20211014_010519-7k3pmgkn
PC-3,0.5536187291145325,/home/shush/profile/QuantPred/paper_runs/bpnet/bin_loss_40/run-20211014_010519-7k3pmgkn
MCF,0.7128793001174927,/home/shush/profile/QuantPred/paper_runs/bpnet/bin_loss_40/run-20211014_010519-7k3pmgkn
GM21381,0.8280839920043945,/home/shush/profile/QuantPred/paper_runs/bpnet/bin_loss_40/run-20211014_002803-xmg3b4lu
GM23338,0.627811849117279,/home/shush/profile/QuantPred/paper_runs/bpnet/bin_loss_40/run-20211014_002803-xmg3b4lu
HepG2,0.625868022441864,/home/shush/profile/QuantPred/paper_runs/bpnet/bin_loss_40/run-20211014_002803-xmg3b4lu
RWPE2,0.6791973114013672,/home/shush/profile/QuantPred/paper_runs/bpnet/bin_loss_40/run-20211014_002803-xmg3b4lu
HG03575,0.8628150820732117,/home/shush/profile/QuantPred/paper_runs/bpnet/bin_loss_40/run-20211014_002803-xmg3b4lu
K562,0.7033385634422302,/home/shush/profile/QuantPred/paper_runs/bpnet/bin_loss_40/run-20211014_002803-xmg3b4lu
DND-41,0.7506470680236816,/home/shush/profile/QuantPred/paper_runs/bpnet/bin_loss_40/run-20211014_002803-xmg3b4lu
GM12878,0.6483879089355469,/home/shush/profile/QuantPred/paper_runs/bpnet/bin_loss_40/run-20211014_002803-xmg3b4lu
A549,0.827606737613678,/home/shush/profile/QuantPred/paper_runs/bpnet/bin_loss_40/run-20211014_002803-xmg3b4lu
HCT116,0.8842502236366272,/home/shush/profile/QuantPred/paper_runs/bpnet/bin_loss_40/run-20211014_002803-xmg3b4lu
IMR-90,0.6033285856246948,/home/shush/profile/QuantPred/paper_runs/bpnet/bin_loss_40/run-20211014_002803-xmg3b4lu
NCI-H929,0.8169325590133667,/home/shush/profile/QuantPred/paper_runs/bpnet/bin_loss_40/run-20211014_002803-xmg3b4lu
Panc1,0.6766211986541748,/home/shush/profile/QuantPred/paper_runs/bpnet/bin_loss_40/run-20211014_002803-xmg3b4lu
PC-3,0.6674247980117798,/home/shush/profile/QuantPred/paper_runs/bpnet/bin_loss_40/run-20211014_002803-xmg3b4lu
MCF,0.7943604588508606,/home/shush/profile/QuantPred/paper_runs/bpnet/bin_loss_40/run-20211014_002803-xmg3b4lu
GM21381,0.0015123429475352168,/home/shush/profile/QuantPred/paper_runs/bpnet/bin_loss_40/run-20211014_005138-ap7fnkhu
GM23338,-0.00017005213885568082,/home/shush/profile/QuantPred/paper_runs/bpnet/bin_loss_40/run-20211014_005138-ap7fnkhu
HepG2,-0.004728731233626604,/home/shush/profile/QuantPred/paper_runs/bpnet/bin_loss_40/run-20211014_005138-ap7fnkhu
RWPE2,-0.0006390397902578115,/home/shush/profile/QuantPred/paper_runs/bpnet/bin_loss_40/run-20211014_005138-ap7fnkhu
HG03575,0.0005774993333034217,/home/shush/profile/QuantPred/paper_runs/bpnet/bin_loss_40/run-20211014_005138-ap7fnkhu
K562,-0.00020299381867516786,/home/shush/profile/QuantPred/paper_runs/bpnet/bin_loss_40/run-20211014_005138-ap7fnkhu
DND-41,-0.0004168494197074324,/home/shush/profile/QuantPred/paper_runs/bpnet/bin_loss_40/run-20211014_005138-ap7fnkhu
GM12878,0.0013998385984450579,/home/shush/profile/QuantPred/paper_runs/bpnet/bin_loss_40/run-20211014_005138-ap7fnkhu
A549,-0.000261221342952922,/home/shush/profile/QuantPred/paper_runs/bpnet/bin_loss_40/run-20211014_005138-ap7fnkhu
HCT116,0.0011075892252847552,/home/shush/profile/QuantPred/paper_runs/bpnet/bin_loss_40/run-20211014_005138-ap7fnkhu
IMR-90,-0.00038865822716616094,/home/shush/profile/QuantPred/paper_runs/bpnet/bin_loss_40/run-20211014_005138-ap7fnkhu
NCI-H929,-0.00046309715253300965,/home/shush/profile/QuantPred/paper_runs/bpnet/bin_loss_40/run-20211014_005138-ap7fnkhu
Panc1,-0.0001856910967035219,/home/shush/profile/QuantPred/paper_runs/bpnet/bin_loss_40/run-20211014_005138-ap7fnkhu
PC-3,-0.0017883296823129058,/home/shush/profile/QuantPred/paper_runs/bpnet/bin_loss_40/run-20211014_005138-ap7fnkhu
MCF,-0.002143450314179063,/home/shush/profile/QuantPred/paper_runs/bpnet/bin_loss_40/run-20211014_005138-ap7fnkhu
GM21381,1.0223898887634277,/home/shush/profile/QuantPred/paper_runs/bpnet/bin_loss_40/run-20211013_133014-pj1jbruz
GM23338,0.7110483050346375,/home/shush/profile/QuantPred/paper_runs/bpnet/bin_loss_40/run-20211013_133014-pj1jbruz
HepG2,0.7718665599822998,/home/shush/profile/QuantPred/paper_runs/bpnet/bin_loss_40/run-20211013_133014-pj1jbruz
RWPE2,0.7168149352073669,/home/shush/profile/QuantPred/paper_runs/bpnet/bin_loss_40/run-20211013_133014-pj1jbruz
HG03575,1.3905813694000244,/home/shush/profile/QuantPred/paper_runs/bpnet/bin_loss_40/run-20211013_133014-pj1jbruz
K562,0.9459115862846375,/home/shush/profile/QuantPred/paper_runs/bpnet/bin_loss_40/run-20211013_133014-pj1jbruz
DND-41,0.92840975522995,/home/shush/profile/QuantPred/paper_runs/bpnet/bin_loss_40/run-20211013_133014-pj1jbruz
GM12878,0.7267072200775146,/home/shush/profile/QuantPred/paper_runs/bpnet/bin_loss_40/run-20211013_133014-pj1jbruz
A549,0.9654865264892578,/home/shush/profile/QuantPred/paper_runs/bpnet/bin_loss_40/run-20211013_133014-pj1jbruz
HCT116,1.1536810398101807,/home/shush/profile/QuantPred/paper_runs/bpnet/bin_loss_40/run-20211013_133014-pj1jbruz
IMR-90,0.6694774031639099,/home/shush/profile/QuantPred/paper_runs/bpnet/bin_loss_40/run-20211013_133014-pj1jbruz
NCI-H929,0.9494984745979309,/home/shush/profile/QuantPred/paper_runs/bpnet/bin_loss_40/run-20211013_133014-pj1jbruz
Panc1,0.9795153737068176,/home/shush/profile/QuantPred/paper_runs/bpnet/bin_loss_40/run-20211013_133014-pj1jbruz
PC-3,0.7577004432678223,/home/shush/profile/QuantPred/paper_runs/bpnet/bin_loss_40/run-20211013_133014-pj1jbruz
MCF,0.9734622836112976,/home/shush/profile/QuantPred/paper_runs/bpnet/bin_loss_40/run-20211013_133014-pj1jbruz
GM21381,0.8507975935935974,/home/shush/profile/QuantPred/paper_runs/bpnet/bin_loss_40/run-20211014_002749-0totb8sf
GM23338,0.6444079279899597,/home/shush/profile/QuantPred/paper_runs/bpnet/bin_loss_40/run-20211014_002749-0totb8sf
HepG2,0.6174575090408325,/home/shush/profile/QuantPred/paper_runs/bpnet/bin_loss_40/run-20211014_002749-0totb8sf
RWPE2,0.6675554513931274,/home/shush/profile/QuantPred/paper_runs/bpnet/bin_loss_40/run-20211014_002749-0totb8sf
HG03575,0.8701229095458984,/home/shush/profile/QuantPred/paper_runs/bpnet/bin_loss_40/run-20211014_002749-0totb8sf
K562,0.7043917179107666,/home/shush/profile/QuantPred/paper_runs/bpnet/bin_loss_40/run-20211014_002749-0totb8sf
DND-41,0.7645308971405029,/home/shush/profile/QuantPred/paper_runs/bpnet/bin_loss_40/run-20211014_002749-0totb8sf
GM12878,0.6669327020645142,/home/shush/profile/QuantPred/paper_runs/bpnet/bin_loss_40/run-20211014_002749-0totb8sf
A549,0.8148040771484375,/home/shush/profile/QuantPred/paper_runs/bpnet/bin_loss_40/run-20211014_002749-0totb8sf
HCT116,0.869324803352356,/home/shush/profile/QuantPred/paper_runs/bpnet/bin_loss_40/run-20211014_002749-0totb8sf
IMR-90,0.5933606624603271,/home/shush/profile/QuantPred/paper_runs/bpnet/bin_loss_40/run-20211014_002749-0totb8sf
NCI-H929,0.8311077952384949,/home/shush/profile/QuantPred/paper_runs/bpnet/bin_loss_40/run-20211014_002749-0totb8sf
Panc1,0.6651105880737305,/home/shush/profile/QuantPred/paper_runs/bpnet/bin_loss_40/run-20211014_002749-0totb8sf
PC-3,0.6542235612869263,/home/shush/profile/QuantPred/paper_runs/bpnet/bin_loss_40/run-20211014_002749-0totb8sf
MCF,0.7767787575721741,/home/shush/profile/QuantPred/paper_runs/bpnet/bin_loss_40/run-20211014_002749-0totb8sf
GM21381,0.8613883852958679,/home/shush/profile/QuantPred/paper_runs/bpnet/bin_loss_40/run-20211014_002910-9btb9fwo
GM23338,0.6506407856941223,/home/shush/profile/QuantPred/paper_runs/bpnet/bin_loss_40/run-20211014_002910-9btb9fwo
HepG2,0.6495436429977417,/home/shush/profile/QuantPred/paper_runs/bpnet/bin_loss_40/run-20211014_002910-9btb9fwo
RWPE2,0.7182613015174866,/home/shush/profile/QuantPred/paper_runs/bpnet/bin_loss_40/run-20211014_002910-9btb9fwo
HG03575,0.8959428668022156,/home/shush/profile/QuantPred/paper_runs/bpnet/bin_loss_40/run-20211014_002910-9btb9fwo
K562,0.7180131673812866,/home/shush/profile/QuantPred/paper_runs/bpnet/bin_loss_40/run-20211014_002910-9btb9fwo
DND-41,0.7861852049827576,/home/shush/profile/QuantPred/paper_runs/bpnet/bin_loss_40/run-20211014_002910-9btb9fwo
GM12878,0.6782901287078857,/home/shush/profile/QuantPred/paper_runs/bpnet/bin_loss_40/run-20211014_002910-9btb9fwo
A549,0.8622416257858276,/home/shush/profile/QuantPred/paper_runs/bpnet/bin_loss_40/run-20211014_002910-9btb9fwo
HCT116,0.9297325015068054,/home/shush/profile/QuantPred/paper_runs/bpnet/bin_loss_40/run-20211014_002910-9btb9fwo
IMR-90,0.6499044895172119,/home/shush/profile/QuantPred/paper_runs/bpnet/bin_loss_40/run-20211014_002910-9btb9fwo
NCI-H929,0.8553917407989502,/home/shush/profile/QuantPred/paper_runs/bpnet/bin_loss_40/run-20211014_002910-9btb9fwo
Panc1,0.6954224109649658,/home/shush/profile/QuantPred/paper_runs/bpnet/bin_loss_40/run-20211014_002910-9btb9fwo
PC-3,0.7175597548484802,/home/shush/profile/QuantPred/paper_runs/bpnet/bin_loss_40/run-20211014_002910-9btb9fwo
MCF,0.8431563973426819,/home/shush/profile/QuantPred/paper_runs/bpnet/bin_loss_40/run-20211014_002910-9btb9fwo
GM21381,1.1935912370681763,/home/shush/profile/QuantPred/paper_runs/bpnet/bin_loss_40/run-20211013_133014-ku9mdrht
GM23338,0.727003812789917,/home/shush/profile/QuantPred/paper_runs/bpnet/bin_loss_40/run-20211013_133014-ku9mdrht
HepG2,0.8014048933982849,/home/shush/profile/QuantPred/paper_runs/bpnet/bin_loss_40/run-20211013_133014-ku9mdrht
RWPE2,0.8495833873748779,/home/shush/profile/QuantPred/paper_runs/bpnet/bin_loss_40/run-20211013_133014-ku9mdrht
HG03575,1.599612832069397,/home/shush/profile/QuantPred/paper_runs/bpnet/bin_loss_40/run-20211013_133014-ku9mdrht
K562,0.9469814300537109,/home/shush/profile/QuantPred/paper_runs/bpnet/bin_loss_40/run-20211013_133014-ku9mdrht
DND-41,1.0203229188919067,/home/shush/profile/QuantPred/paper_runs/bpnet/bin_loss_40/run-20211013_133014-ku9mdrht
GM12878,0.8438687324523926,/home/shush/profile/QuantPred/paper_runs/bpnet/bin_loss_40/run-20211013_133014-ku9mdrht
A549,1.0128411054611206,/home/shush/profile/QuantPred/paper_runs/bpnet/bin_loss_40/run-20211013_133014-ku9mdrht
HCT116,1.2447106838226318,/home/shush/profile/QuantPred/paper_runs/bpnet/bin_loss_40/run-20211013_133014-ku9mdrht
IMR-90,0.797791063785553,/home/shush/profile/QuantPred/paper_runs/bpnet/bin_loss_40/run-20211013_133014-ku9mdrht
NCI-H929,1.0364404916763306,/home/shush/profile/QuantPred/paper_runs/bpnet/bin_loss_40/run-20211013_133014-ku9mdrht
Panc1,1.0051920413970947,/home/shush/profile/QuantPred/paper_runs/bpnet/bin_loss_40/run-20211013_133014-ku9mdrht
PC-3,0.8927081227302551,/home/shush/profile/QuantPred/paper_runs/bpnet/bin_loss_40/run-20211013_133014-ku9mdrht
MCF,1.0756494998931885,/home/shush/profile/QuantPred/paper_runs/bpnet/bin_loss_40/run-20211013_133014-ku9mdrht
GM21381,0.8382524847984314,/home/shush/profile/QuantPred/paper_runs/bpnet/bin_loss_40/run-20211013_133018-7dzuevzg
GM23338,0.649814784526825,/home/shush/profile/QuantPred/paper_runs/bpnet/bin_loss_40/run-20211013_133018-7dzuevzg
HepG2,0.6159959435462952,/home/shush/profile/QuantPred/paper_runs/bpnet/bin_loss_40/run-20211013_133018-7dzuevzg
RWPE2,0.6631319522857666,/home/shush/profile/QuantPred/paper_runs/bpnet/bin_loss_40/run-20211013_133018-7dzuevzg
HG03575,0.8559640645980835,/home/shush/profile/QuantPred/paper_runs/bpnet/bin_loss_40/run-20211013_133018-7dzuevzg
K562,0.7085061073303223,/home/shush/profile/QuantPred/paper_runs/bpnet/bin_loss_40/run-20211013_133018-7dzuevzg
DND-41,0.7682372331619263,/home/shush/profile/QuantPred/paper_runs/bpnet/bin_loss_40/run-20211013_133018-7dzuevzg
GM12878,0.6626864671707153,/home/shush/profile/QuantPred/paper_runs/bpnet/bin_loss_40/run-20211013_133018-7dzuevzg
A549,0.8089073896408081,/home/shush/profile/QuantPred/paper_runs/bpnet/bin_loss_40/run-20211013_133018-7dzuevzg
HCT116,0.8707013726234436,/home/shush/profile/QuantPred/paper_runs/bpnet/bin_loss_40/run-20211013_133018-7dzuevzg
IMR-90,0.5750674605369568,/home/shush/profile/QuantPred/paper_runs/bpnet/bin_loss_40/run-20211013_133018-7dzuevzg
NCI-H929,0.8307672142982483,/home/shush/profile/QuantPred/paper_runs/bpnet/bin_loss_40/run-20211013_133018-7dzuevzg
Panc1,0.6657907366752625,/home/shush/profile/QuantPred/paper_runs/bpnet/bin_loss_40/run-20211013_133018-7dzuevzg
PC-3,0.6571422815322876,/home/shush/profile/QuantPred/paper_runs/bpnet/bin_loss_40/run-20211013_133018-7dzuevzg
MCF,0.7981983423233032,/home/shush/profile/QuantPred/paper_runs/bpnet/bin_loss_40/run-20211013_133018-7dzuevzg
GM21381,0.8600351810455322,/home/shush/profile/QuantPred/paper_runs/bpnet/bin_loss_40/run-20211013_133018-erabx862
GM23338,0.6985926032066345,/home/shush/profile/QuantPred/paper_runs/bpnet/bin_loss_40/run-20211013_133018-erabx862
HepG2,0.6809915900230408,/home/shush/profile/QuantPred/paper_runs/bpnet/bin_loss_40/run-20211013_133018-erabx862
RWPE2,0.7319979667663574,/home/shush/profile/QuantPred/paper_runs/bpnet/bin_loss_40/run-20211013_133018-erabx862
HG03575,0.8866097331047058,/home/shush/profile/QuantPred/paper_runs/bpnet/bin_loss_40/run-20211013_133018-erabx862
K562,0.7320849895477295,/home/shush/profile/QuantPred/paper_runs/bpnet/bin_loss_40/run-20211013_133018-erabx862
DND-41,0.812968373298645,/home/shush/profile/QuantPred/paper_runs/bpnet/bin_loss_40/run-20211013_133018-erabx862
GM12878,0.6863515377044678,/home/shush/profile/QuantPred/paper_runs/bpnet/bin_loss_40/run-20211013_133018-erabx862
A549,0.86636883020401,/home/shush/profile/QuantPred/paper_runs/bpnet/bin_loss_40/run-20211013_133018-erabx862
HCT116,0.9351139664649963,/home/shush/profile/QuantPred/paper_runs/bpnet/bin_loss_40/run-20211013_133018-erabx862
IMR-90,0.6638545989990234,/home/shush/profile/QuantPred/paper_runs/bpnet/bin_loss_40/run-20211013_133018-erabx862
NCI-H929,0.8566308617591858,/home/shush/profile/QuantPred/paper_runs/bpnet/bin_loss_40/run-20211013_133018-erabx862
Panc1,0.6915199756622314,/home/shush/profile/QuantPred/paper_runs/bpnet/bin_loss_40/run-20211013_133018-erabx862
PC-3,0.741156816482544,/home/shush/profile/QuantPred/paper_runs/bpnet/bin_loss_40/run-20211013_133018-erabx862
MCF,0.8799328804016113,/home/shush/profile/QuantPred/paper_runs/bpnet/bin_loss_40/run-20211013_133018-erabx862
GM21381,0.8292396664619446,/home/shush/profile/QuantPred/paper_runs/bpnet/bin_loss_40/run-20211014_004719-44ob2jy2
GM23338,0.6211525797843933,/home/shush/profile/QuantPred/paper_runs/bpnet/bin_loss_40/run-20211014_004719-44ob2jy2
HepG2,0.5834900140762329,/home/shush/profile/QuantPred/paper_runs/bpnet/bin_loss_40/run-20211014_004719-44ob2jy2
RWPE2,0.6501291394233704,/home/shush/profile/QuantPred/paper_runs/bpnet/bin_loss_40/run-20211014_004719-44ob2jy2
HG03575,0.8377480506896973,/home/shush/profile/QuantPred/paper_runs/bpnet/bin_loss_40/run-20211014_004719-44ob2jy2
K562,0.6995359659194946,/home/shush/profile/QuantPred/paper_runs/bpnet/bin_loss_40/run-20211014_004719-44ob2jy2
DND-41,0.728571891784668,/home/shush/profile/QuantPred/paper_runs/bpnet/bin_loss_40/run-20211014_004719-44ob2jy2
GM12878,0.6337469220161438,/home/shush/profile/QuantPred/paper_runs/bpnet/bin_loss_40/run-20211014_004719-44ob2jy2
A549,0.7741564512252808,/home/shush/profile/QuantPred/paper_runs/bpnet/bin_loss_40/run-20211014_004719-44ob2jy2
HCT116,0.8142791390419006,/home/shush/profile/QuantPred/paper_runs/bpnet/bin_loss_40/run-20211014_004719-44ob2jy2
IMR-90,0.5563732981681824,/home/shush/profile/QuantPred/paper_runs/bpnet/bin_loss_40/run-20211014_004719-44ob2jy2
NCI-H929,0.7981674671173096,/home/shush/profile/QuantPred/paper_runs/bpnet/bin_loss_40/run-20211014_004719-44ob2jy2
Panc1,0.646511435508728,/home/shush/profile/QuantPred/paper_runs/bpnet/bin_loss_40/run-20211014_004719-44ob2jy2
PC-3,0.6142448782920837,/home/shush/profile/QuantPred/paper_runs/bpnet/bin_loss_40/run-20211014_004719-44ob2jy2
MCF,0.7473737001419067,/home/shush/profile/QuantPred/paper_runs/bpnet/bin_loss_40/run-20211014_004719-44ob2jy2
GM21381,-0.00538163585588336,/home/shush/profile/QuantPred/paper_runs/bpnet/bin_loss_40/run-20211014_003939-8q3mhtmf
GM23338,-0.0011283057974651456,/home/shush/profile/QuantPred/paper_runs/bpnet/bin_loss_40/run-20211014_003939-8q3mhtmf
HepG2,-0.00383467273786664,/home/shush/profile/QuantPred/paper_runs/bpnet/bin_loss_40/run-20211014_003939-8q3mhtmf
RWPE2,-0.0012256753398105502,/home/shush/profile/QuantPred/paper_runs/bpnet/bin_loss_40/run-20211014_003939-8q3mhtmf
HG03575,0.028699764981865883,/home/shush/profile/QuantPred/paper_runs/bpnet/bin_loss_40/run-20211014_003939-8q3mhtmf
K562,-0.0007904105586931109,/home/shush/profile/QuantPred/paper_runs/bpnet/bin_loss_40/run-20211014_003939-8q3mhtmf
DND-41,-0.006681467872112989,/home/shush/profile/QuantPred/paper_runs/bpnet/bin_loss_40/run-20211014_003939-8q3mhtmf
GM12878,-0.003355512861162424,/home/shush/profile/QuantPred/paper_runs/bpnet/bin_loss_40/run-20211014_003939-8q3mhtmf
A549,-0.0008805641555227339,/home/shush/profile/QuantPred/paper_runs/bpnet/bin_loss_40/run-20211014_003939-8q3mhtmf
HCT116,-0.004677111282944679,/home/shush/profile/QuantPred/paper_runs/bpnet/bin_loss_40/run-20211014_003939-8q3mhtmf
IMR-90,-0.0020142823923379183,/home/shush/profile/QuantPred/paper_runs/bpnet/bin_loss_40/run-20211014_003939-8q3mhtmf
NCI-H929,-0.0014098722022026777,/home/shush/profile/QuantPred/paper_runs/bpnet/bin_loss_40/run-20211014_003939-8q3mhtmf
Panc1,-0.0005263988859951496,/home/shush/profile/QuantPred/paper_runs/bpnet/bin_loss_40/run-20211014_003939-8q3mhtmf
PC-3,-0.001617217669263482,/home/shush/profile/QuantPred/paper_runs/bpnet/bin_loss_40/run-20211014_003939-8q3mhtmf
MCF,-0.0010544470278546214,/home/shush/profile/QuantPred/paper_runs/bpnet/bin_loss_40/run-20211014_003939-8q3mhtmf
GM21381,0.819388210773468,/home/shush/profile/QuantPred/paper_runs/bpnet/bin_loss_40/run-20211013_133014-o7rkx1qk
GM23338,0.6346685290336609,/home/shush/profile/QuantPred/paper_runs/bpnet/bin_loss_40/run-20211013_133014-o7rkx1qk
HepG2,0.6099829077720642,/home/shush/profile/QuantPred/paper_runs/bpnet/bin_loss_40/run-20211013_133014-o7rkx1qk
RWPE2,0.6741203665733337,/home/shush/profile/QuantPred/paper_runs/bpnet/bin_loss_40/run-20211013_133014-o7rkx1qk
HG03575,0.8434068560600281,/home/shush/profile/QuantPred/paper_runs/bpnet/bin_loss_40/run-20211013_133014-o7rkx1qk
K562,0.7009820342063904,/home/shush/profile/QuantPred/paper_runs/bpnet/bin_loss_40/run-20211013_133014-o7rkx1qk
DND-41,0.7710837721824646,/home/shush/profile/QuantPred/paper_runs/bpnet/bin_loss_40/run-20211013_133014-o7rkx1qk
GM12878,0.6366511583328247,/home/shush/profile/QuantPred/paper_runs/bpnet/bin_loss_40/run-20211013_133014-o7rkx1qk
A549,0.7971348166465759,/home/shush/profile/QuantPred/paper_runs/bpnet/bin_loss_40/run-20211013_133014-o7rkx1qk
HCT116,0.8579711318016052,/home/shush/profile/QuantPred/paper_runs/bpnet/bin_loss_40/run-20211013_133014-o7rkx1qk
IMR-90,0.584581196308136,/home/shush/profile/QuantPred/paper_runs/bpnet/bin_loss_40/run-20211013_133014-o7rkx1qk
NCI-H929,0.8137772679328918,/home/shush/profile/QuantPred/paper_runs/bpnet/bin_loss_40/run-20211013_133014-o7rkx1qk
Panc1,0.6470257043838501,/home/shush/profile/QuantPred/paper_runs/bpnet/bin_loss_40/run-20211013_133014-o7rkx1qk
PC-3,0.654312252998352,/home/shush/profile/QuantPred/paper_runs/bpnet/bin_loss_40/run-20211013_133014-o7rkx1qk
MCF,0.7823543548583984,/home/shush/profile/QuantPred/paper_runs/bpnet/bin_loss_40/run-20211013_133014-o7rkx1qk
GM21381,0.997477114200592,/home/shush/profile/QuantPred/paper_runs/bpnet/bin_loss_40/run-20211013_133014-toxkgpzd
GM23338,0.6991992592811584,/home/shush/profile/QuantPred/paper_runs/bpnet/bin_loss_40/run-20211013_133014-toxkgpzd
HepG2,0.7515356540679932,/home/shush/profile/QuantPred/paper_runs/bpnet/bin_loss_40/run-20211013_133014-toxkgpzd
RWPE2,0.6660375595092773,/home/shush/profile/QuantPred/paper_runs/bpnet/bin_loss_40/run-20211013_133014-toxkgpzd
HG03575,1.2500568628311157,/home/shush/profile/QuantPred/paper_runs/bpnet/bin_loss_40/run-20211013_133014-toxkgpzd
K562,0.807059109210968,/home/shush/profile/QuantPred/paper_runs/bpnet/bin_loss_40/run-20211013_133014-toxkgpzd
DND-41,1.0228840112686157,/home/shush/profile/QuantPred/paper_runs/bpnet/bin_loss_40/run-20211013_133014-toxkgpzd
GM12878,0.623429000377655,/home/shush/profile/QuantPred/paper_runs/bpnet/bin_loss_40/run-20211013_133014-toxkgpzd
A549,0.9576765894889832,/home/shush/profile/QuantPred/paper_runs/bpnet/bin_loss_40/run-20211013_133014-toxkgpzd
HCT116,1.1079469919204712,/home/shush/profile/QuantPred/paper_runs/bpnet/bin_loss_40/run-20211013_133014-toxkgpzd
IMR-90,0.6279382705688477,/home/shush/profile/QuantPred/paper_runs/bpnet/bin_loss_40/run-20211013_133014-toxkgpzd
NCI-H929,0.8921635150909424,/home/shush/profile/QuantPred/paper_runs/bpnet/bin_loss_40/run-20211013_133014-toxkgpzd
Panc1,0.9010035395622253,/home/shush/profile/QuantPred/paper_runs/bpnet/bin_loss_40/run-20211013_133014-toxkgpzd
PC-3,0.7009754180908203,/home/shush/profile/QuantPred/paper_runs/bpnet/bin_loss_40/run-20211013_133014-toxkgpzd
MCF,0.935722291469574,/home/shush/profile/QuantPred/paper_runs/bpnet/bin_loss_40/run-20211013_133014-toxkgpzd
GM21381,0.0005290362169034779,/home/shush/profile/QuantPred/paper_runs/bpnet/bin_loss_40/run-20211013_133014-39uvdbs0
GM23338,-0.00015903542225714773,/home/shush/profile/QuantPred/paper_runs/bpnet/bin_loss_40/run-20211013_133014-39uvdbs0
HepG2,-0.00030370629974640906,/home/shush/profile/QuantPred/paper_runs/bpnet/bin_loss_40/run-20211013_133014-39uvdbs0
RWPE2,-0.0003644311218522489,/home/shush/profile/QuantPred/paper_runs/bpnet/bin_loss_40/run-20211013_133014-39uvdbs0
HG03575,0.00016291328938677907,/home/shush/profile/QuantPred/paper_runs/bpnet/bin_loss_40/run-20211013_133014-39uvdbs0
K562,-0.0001191794071928598,/home/shush/profile/QuantPred/paper_runs/bpnet/bin_loss_40/run-20211013_133014-39uvdbs0
DND-41,-0.000524487579241395,/home/shush/profile/QuantPred/paper_runs/bpnet/bin_loss_40/run-20211013_133014-39uvdbs0
GM12878,-0.00030380257521755993,/home/shush/profile/QuantPred/paper_runs/bpnet/bin_loss_40/run-20211013_133014-39uvdbs0
A549,-0.0001492290321039036,/home/shush/profile/QuantPred/paper_runs/bpnet/bin_loss_40/run-20211013_133014-39uvdbs0
HCT116,-0.0004107893619220704,/home/shush/profile/QuantPred/paper_runs/bpnet/bin_loss_40/run-20211013_133014-39uvdbs0
IMR-90,0.00015662812802474946,/home/shush/profile/QuantPred/paper_runs/bpnet/bin_loss_40/run-20211013_133014-39uvdbs0
NCI-H929,-0.00026535114739090204,/home/shush/profile/QuantPred/paper_runs/bpnet/bin_loss_40/run-20211013_133014-39uvdbs0
Panc1,-0.00013764260802417994,/home/shush/profile/QuantPred/paper_runs/bpnet/bin_loss_40/run-20211013_133014-39uvdbs0
PC-3,0.0005407396820373833,/home/shush/profile/QuantPred/paper_runs/bpnet/bin_loss_40/run-20211013_133014-39uvdbs0
MCF,-0.00017635278345551342,/home/shush/profile/QuantPred/paper_runs/bpnet/bin_loss_40/run-20211013_133014-39uvdbs0
GM21381,0.7931644320487976,/home/shush/profile/QuantPred/paper_runs/bpnet/bin_loss_40/run-20211014_010841-p37ausjj
GM23338,0.6344642639160156,/home/shush/profile/QuantPred/paper_runs/bpnet/bin_loss_40/run-20211014_010841-p37ausjj
HepG2,0.5955851078033447,/home/shush/profile/QuantPred/paper_runs/bpnet/bin_loss_40/run-20211014_010841-p37ausjj
RWPE2,0.5917311310768127,/home/shush/profile/QuantPred/paper_runs/bpnet/bin_loss_40/run-20211014_010841-p37ausjj
HG03575,0.8225671648979187,/home/shush/profile/QuantPred/paper_runs/bpnet/bin_loss_40/run-20211014_010841-p37ausjj
K562,0.6989437341690063,/home/shush/profile/QuantPred/paper_runs/bpnet/bin_loss_40/run-20211014_010841-p37ausjj
DND-41,0.6878698468208313,/home/shush/profile/QuantPred/paper_runs/bpnet/bin_loss_40/run-20211014_010841-p37ausjj
GM12878,0.6152269244194031,/home/shush/profile/QuantPred/paper_runs/bpnet/bin_loss_40/run-20211014_010841-p37ausjj
A549,0.787214457988739,/home/shush/profile/QuantPred/paper_runs/bpnet/bin_loss_40/run-20211014_010841-p37ausjj
HCT116,0.8275337219238281,/home/shush/profile/QuantPred/paper_runs/bpnet/bin_loss_40/run-20211014_010841-p37ausjj
IMR-90,0.5275058150291443,/home/shush/profile/QuantPred/paper_runs/bpnet/bin_loss_40/run-20211014_010841-p37ausjj
NCI-H929,0.7619271874427795,/home/shush/profile/QuantPred/paper_runs/bpnet/bin_loss_40/run-20211014_010841-p37ausjj
Panc1,0.6534482836723328,/home/shush/profile/QuantPred/paper_runs/bpnet/bin_loss_40/run-20211014_010841-p37ausjj
PC-3,0.5444334149360657,/home/shush/profile/QuantPred/paper_runs/bpnet/bin_loss_40/run-20211014_010841-p37ausjj
MCF,0.7008766531944275,/home/shush/profile/QuantPred/paper_runs/bpnet/bin_loss_40/run-20211014_010841-p37ausjj
GM21381,-0.0056203450076282024,/home/shush/profile/QuantPred/paper_runs/bpnet/bin_loss_40/run-20211013_133018-s1ak8ohp
GM23338,-8.133883966365829e-05,/home/shush/profile/QuantPred/paper_runs/bpnet/bin_loss_40/run-20211013_133018-s1ak8ohp
HepG2,-0.000376704556401819,/home/shush/profile/QuantPred/paper_runs/bpnet/bin_loss_40/run-20211013_133018-s1ak8ohp
RWPE2,-0.003461632179096341,/home/shush/profile/QuantPred/paper_runs/bpnet/bin_loss_40/run-20211013_133018-s1ak8ohp
HG03575,0.00018205940432380885,/home/shush/profile/QuantPred/paper_runs/bpnet/bin_loss_40/run-20211013_133018-s1ak8ohp
K562,-4.794022606802173e-05,/home/shush/profile/QuantPred/paper_runs/bpnet/bin_loss_40/run-20211013_133018-s1ak8ohp
DND-41,-0.0011537389364093542,/home/shush/profile/QuantPred/paper_runs/bpnet/bin_loss_40/run-20211013_133018-s1ak8ohp
GM12878,0.0013339131837710738,/home/shush/profile/QuantPred/paper_runs/bpnet/bin_loss_40/run-20211013_133018-s1ak8ohp
A549,-5.6912755098892376e-05,/home/shush/profile/QuantPred/paper_runs/bpnet/bin_loss_40/run-20211013_133018-s1ak8ohp
HCT116,0.0008822918753139675,/home/shush/profile/QuantPred/paper_runs/bpnet/bin_loss_40/run-20211013_133018-s1ak8ohp
IMR-90,0.000156984111526981,/home/shush/profile/QuantPred/paper_runs/bpnet/bin_loss_40/run-20211013_133018-s1ak8ohp
NCI-H929,-0.0002797260240186006,/home/shush/profile/QuantPred/paper_runs/bpnet/bin_loss_40/run-20211013_133018-s1ak8ohp
Panc1,-3.678466237033717e-05,/home/shush/profile/QuantPred/paper_runs/bpnet/bin_loss_40/run-20211013_133018-s1ak8ohp
PC-3,0.0002976379473693669,/home/shush/profile/QuantPred/paper_runs/bpnet/bin_loss_40/run-20211013_133018-s1ak8ohp
MCF,-0.00017252081306651235,/home/shush/profile/QuantPred/paper_runs/bpnet/bin_loss_40/run-20211013_133018-s1ak8ohp
GM21381,0.0012468874920159578,/home/shush/profile/QuantPred/paper_runs/bpnet/bin_loss_40/run-20211014_002826-9oz9bdrp
GM23338,-0.00045997227425687015,/home/shush/profile/QuantPred/paper_runs/bpnet/bin_loss_40/run-20211014_002826-9oz9bdrp
HepG2,0.009080617688596249,/home/shush/profile/QuantPred/paper_runs/bpnet/bin_loss_40/run-20211014_002826-9oz9bdrp
RWPE2,-0.0006986806401982903,/home/shush/profile/QuantPred/paper_runs/bpnet/bin_loss_40/run-20211014_002826-9oz9bdrp
HG03575,0.00043210049625486135,/home/shush/profile/QuantPred/paper_runs/bpnet/bin_loss_40/run-20211014_002826-9oz9bdrp
K562,-0.00014695934078190476,/home/shush/profile/QuantPred/paper_runs/bpnet/bin_loss_40/run-20211014_002826-9oz9bdrp
DND-41,0.0026975658256560564,/home/shush/profile/QuantPred/paper_runs/bpnet/bin_loss_40/run-20211014_002826-9oz9bdrp
GM12878,-0.0011864796979352832,/home/shush/profile/QuantPred/paper_runs/bpnet/bin_loss_40/run-20211014_002826-9oz9bdrp
A549,-0.00013114909233991057,/home/shush/profile/QuantPred/paper_runs/bpnet/bin_loss_40/run-20211014_002826-9oz9bdrp
HCT116,-0.000496631080750376,/home/shush/profile/QuantPred/paper_runs/bpnet/bin_loss_40/run-20211014_002826-9oz9bdrp
IMR-90,-0.0010004948126152158,/home/shush/profile/QuantPred/paper_runs/bpnet/bin_loss_40/run-20211014_002826-9oz9bdrp
NCI-H929,-0.00041553599294275045,/home/shush/profile/QuantPred/paper_runs/bpnet/bin_loss_40/run-20211014_002826-9oz9bdrp
Panc1,-7.736995030427352e-05,/home/shush/profile/QuantPred/paper_runs/bpnet/bin_loss_40/run-20211014_002826-9oz9bdrp
PC-3,-0.0008478634990751743,/home/shush/profile/QuantPred/paper_runs/bpnet/bin_loss_40/run-20211014_002826-9oz9bdrp
MCF,-0.0003402967704460025,/home/shush/profile/QuantPred/paper_runs/bpnet/bin_loss_40/run-20211014_002826-9oz9bdrp
GM21381,0.9304498434066772,/home/shush/profile/QuantPred/paper_runs/bpnet/bin_loss_40/run-20211013_133018-xrwfc5ep
GM23338,0.6007046699523926,/home/shush/profile/QuantPred/paper_runs/bpnet/bin_loss_40/run-20211013_133018-xrwfc5ep
HepG2,0.5860715508460999,/home/shush/profile/QuantPred/paper_runs/bpnet/bin_loss_40/run-20211013_133018-xrwfc5ep
RWPE2,0.7407270669937134,/home/shush/profile/QuantPred/paper_runs/bpnet/bin_loss_40/run-20211013_133018-xrwfc5ep
HG03575,0.912667453289032,/home/shush/profile/QuantPred/paper_runs/bpnet/bin_loss_40/run-20211013_133018-xrwfc5ep
K562,0.7020878195762634,/home/shush/profile/QuantPred/paper_runs/bpnet/bin_loss_40/run-20211013_133018-xrwfc5ep
DND-41,0.7665072679519653,/home/shush/profile/QuantPred/paper_runs/bpnet/bin_loss_40/run-20211013_133018-xrwfc5ep
GM12878,0.6879302859306335,/home/shush/profile/QuantPred/paper_runs/bpnet/bin_loss_40/run-20211013_133018-xrwfc5ep
A549,0.86136394739151,/home/shush/profile/QuantPred/paper_runs/bpnet/bin_loss_40/run-20211013_133018-xrwfc5ep
HCT116,0.8606340885162354,/home/shush/profile/QuantPred/paper_runs/bpnet/bin_loss_40/run-20211013_133018-xrwfc5ep
IMR-90,0.621076762676239,/home/shush/profile/QuantPred/paper_runs/bpnet/bin_loss_40/run-20211013_133018-xrwfc5ep
NCI-H929,0.8355845808982849,/home/shush/profile/QuantPred/paper_runs/bpnet/bin_loss_40/run-20211013_133018-xrwfc5ep
Panc1,0.6750357747077942,/home/shush/profile/QuantPred/paper_runs/bpnet/bin_loss_40/run-20211013_133018-xrwfc5ep
PC-3,0.6744304299354553,/home/shush/profile/QuantPred/paper_runs/bpnet/bin_loss_40/run-20211013_133018-xrwfc5ep
MCF,0.8450922966003418,/home/shush/profile/QuantPred/paper_runs/bpnet/bin_loss_40/run-20211013_133018-xrwfc5ep
